Name,Glucose,Cholesterol,Hemoglobin,Platelets,White Blood Cells,Red Blood Cells,Hematocrit,Mean Corpuscular Volume,Mean Corpuscular Hemoglobin,Mean Corpuscular Hemoglobin Concentration,Insulin,BMI,Systolic Blood Pressure,Diastolic Blood Pressure,Triglycerides,HbA1c,LDL Cholesterol,HDL Cholesterol,ALT,AST,Heart Rate,Creatinine,Troponin,C-reactive Protein
Gihan,0.839596713,0.450198388,0.713630986,0.868491241,0.687433028,0.529895399,0.290005909,0.631045018,0.001327858,0.79582887,0.034129122,0.071774199,0.185595597,0.07145461,0.653472376,0.502664779,0.215560238,0.512940563,0.064187347,0.61082651,0.939484854,0.095511528,0.565956967,0.869230075
Kaushika,0.421786313,0.123058437,0.94489324,0.905372145,0.507710985,0.40303319,0.164216445,0.307553206,0.207938382,0.505561858,0.571161502,0.839270508,0.580902575,0.556037486,0.47774212,0.856809908,0.652465332,0.106960917,0.94254879,0.344260902,0.66636811,0.659059785,0.916982046,0.201165962
Samarasundara,0.452439049,0.816134939,0.544559881,0.400640254,0.294538139,0.38202135,0.625266817,0.295121717,0.868369381,0.026807746,0.582170303,0.577423252,0.045782486,0.66364249,0.088939901,0.466795262,0.387332059,0.421763092,0.007186305,0.506918161,0.431703605,0.417294725,0.899074072,0.479207914
Ayesh,0.13670926,0.215605359,0.419956601,0.191486875,0.081168137,0.166213858,0.073292739,0.668719165,0.125447394,0.50105141,0.620258184,0.169059441,0.13928851,0.160495588,0.406527716,0.01625564,0.040136578,0.826720695,0.265415289,0.594147851,0.22575553,0.490348607,0.437061258,0.154094005
Sathira,0.276737192,0.7221994,0.971779389,0.785285588,0.443880189,0.43985137,0.894991187,0.442158801,0.257287888,0.805987475,0.184370936,0.580175013,0.11846101,0.005578648,0.41440691,0.429431268,0.14629354,0.221573589,0.015280079,0.567114926,0.841411822,0.153349851,0.194008039,0.794970321
Sachithra,0.808222307,0.208706277,0.933306503,0.353081657,0.373951652,0.297138462,0.900010242,0.985488237,0.679007358,0.355773949,0.460291935,0.624373995,0.664834571,0.537558843,0.766484041,0.389460779,0.529913911,0.222686746,0.77246119,0.119993775,0.894273391,0.128124152,0.879016484,0.151437768
Salinda,0.253734421,0.85775684,0.75500652,0.012593787,0.227684497,0.425117458,0.387460694,0.461417641,0.305587964,0.741119698,0.654440623,0.40392026,0.143712706,0.212858643,0.393262942,0.446853544,0.729376451,0.615543077,0.794734908,0.233889809,0.612187796,0.407890501,0.126862602,0.332099797
